sentence1,sentence2,score
我是感性細膩的人，喜歡攝影也喜歡寫程式，目前是設計師，平常早睡早起，在關係中坦誠相待。,希望對方願意溝通，在感情中願意分工，作息方面我喜歡安靜。,0.536
希望對方願意旅行,嚮往出遊的夥伴,0.979
熱愛瑜伽,希望對方喜歡戶外活動，在感情中坦誠相待，作息方面我節日會慶祝。,0.342
喜歡攝影,愛看電影,0.568
我是有同理心的人，喜歡寫程式也喜歡咖啡廳，目前是公務員，平常節日會慶祝，在關係中重視溝通。,容易緊張,0.311
我是樂觀正向的人，喜歡攝影也喜歡美食探店，目前是行銷人員，平常重視健康飲食，在關係中有各自空間。,希望對方作息穩定，在感情中重視事業，作息方面我假日宅在家。,0.7
喜歡整理,喜歡貓,0.677
容易緊張,容易緊張這點蠻明顯,0.962
喜歡唱歌,喜歡旅行,0.649
互相成長,尊重界限,0.68
希望對方不抽菸,希望對方不抽菸這點蠻明顯,0.921
常去戶外,常去戶外這點蠻明顯,0.951
開放新奇,開放新奇這點蠻明顯,0.983
希望對方喜歡戶外活動，在感情中互相成長，作息方面我常去戶外。,有耐心,0.218
喜歡健身,喜歡登山,0.564
重視事業,重視事業這點蠻明顯,0.9
希望對方願意旅行,想一起去旅行,0.906
希望對方作息穩定,希望對方願意旅行,0.581
常去戶外,常去戶外這點蠻明顯,0.936
願意一起學習,願意一起學習這點蠻明顯,0.877
喜歡狗,狗派,0.818
有各自空間,有各自空間這點蠻明顯,0.975
我是有耐心的人，喜歡音樂會也週末跑步，目前是律師助理，平常喜歡小孩，在關係中互相成長。,希望對方喜歡閱讀，在感情中重視金錢觀一致，作息方面我喜歡小孩。,0.779
偶爾小酌,重視健康飲食,0.716
偶爾小酌,節日會慶祝,0.601
感性細膩,感性細膩這點蠻明顯,0.906
喜歡羽球,喜歡畫畫,0.267
我是重視儀式感的人，喜歡游泳也喜歡桌遊，目前是醫護人員，平常有點小懶，在關係中互相成長。,希望對方會做菜，在感情中重視溝通，作息方面我喜歡貓。,0.759
獨立自主,獨立自主這點蠻明顯,0.914
希望對方喜歡閱讀,希望對方喜歡閱讀這點蠻明顯,0.859
喜歡狗,喜歡和狗散步,0.964
重視金錢觀一致,重視金錢觀一致這點蠻明顯,0.917
熱愛露營,喜歡追劇,0.637
重視家庭,有各自空間,0.66
喜歡旅行,喜歡桌遊,0.706
我是開放新奇的人，喜歡閱讀也喜歡桌遊，目前是PM，平常喜歡熱鬧，在關係中重視溝通。,希望對方喜歡小動物，在感情中希望穩定，作息方面我夜貓子。,0.697
重視儀式感,隨性自由,0.67
喜歡烹飪,謹慎理性,0.148
我是冷靜穩重的人，喜歡健身也喜歡唱歌，目前是公務員，平常節日會慶祝，在關係中坦誠相待。,希望對方有上進心，在感情中尊重界限，作息方面我喜歡海邊。,0.407
希望對方作息穩定,希望對方作息穩定這點蠻明顯,0.916
樂觀正向,幽默風趣,0.196
節日會慶祝,節日會慶祝這點蠻明顯,0.814
希望對方喜歡閱讀,希望對方重視家庭,0.625
幽默風趣,幽默風趣這點蠻明顯,0.932
幽默風趣,目標導向,0.552
希望對方願意旅行,希望對方有上進心,0.688
希望對方喜歡戶外活動,希望對方喜歡戶外活動這點蠻明顯,0.86
我是重視儀式感的人，喜歡籃球也喜歡桌遊，目前是研究助理，平常夜貓子，在關係中希望穩定。,希望對方幽默，在感情中重視溝通，作息方面我喜歡熱鬧。,0.256
喜歡旅行,喜歡桌遊,0.647
喜歡儀式感,願意一起學習,0.717
早睡早起,喜歡狗,0.73
我是謹慎理性的人，喜歡唱歌也喜歡攝影，目前是醫護人員，平常喜歡整理，在關係中有各自空間。,外向活潑,0.234
我是開放新奇的人，週末跑步也熱愛露營，目前是餐飲服務，平常重視健康飲食，在關係中重視事業。,希望對方會做菜，在感情中重視事業，作息方面我喜歡整理。,0.566
希望對方作息穩定,希望對方幽默,0.707
我是隨性自由的人，喜歡游泳也喜歡登山，目前是軟體工程師，平常喜歡山林，在關係中重視金錢觀一致。,希望對方有上進心，在感情中重視金錢觀一致，作息方面我喜歡貓。,0.808
喜歡游泳,直接坦率,0.074
有各自空間,喜歡儀式感,0.581
熱愛瑜伽,喜歡羽球,0.739
喜歡桌遊,週末跑步,0.718
希望對方作息穩定,希望對方作息穩定這點蠻明顯,0.845
喜歡唱歌,喜歡唱歌這點蠻明顯,0.854
喜歡逛美術館,喜歡追劇,0.571
我是開放新奇的人，喜歡羽球也喜歡唱歌，目前是餐飲服務，平常假日宅在家，在關係中坦誠相待。,希望對方會做菜，在感情中坦誠相待，作息方面我常去戶外。,0.023
希望穩定,有各自空間,0.623
希望對方不抽菸，在感情中重視事業，作息方面我喜歡熱鬧。,老師,0.199
希望對方會做菜，在感情中有各自空間，作息方面我節日會慶祝。,希望對方喜歡戶外活動，在感情中重視溝通，作息方面我重視環保。,0.292
希望對方幽默,有幽默感,0.966
有耐心,直接坦率,0.651
樂觀正向,老師,0.099
內向安靜,開放新奇,0.643
希望對方願意旅行,嚮往出遊的夥伴,0.978
喜歡逛美術館,目標導向,0.066
喜歡狗,偶爾小酌,0.557
謹慎理性,謹慎理性這點蠻明顯,0.81
願意一起學習,願意一起學習這點蠻明顯,0.951
希望對方喜歡閱讀,希望對方作息穩定,0.727
我是善於傾聽的人，喜歡唱歌也喜歡畫畫，目前是PM，平常早睡早起，在關係中重視金錢觀一致。,希望對方幽默，在感情中有各自空間，作息方面我偶爾小酌。,0.66
我是樂觀正向的人，喜歡畫畫也喜歡寫程式，目前是行銷人員，平常喜歡山林，在關係中重視溝通。,希望對方有上進心，在感情中互相成長，作息方面我喜歡狗。,0.476
重視事業,尊重界限,0.696
願意一起學習,願意一起學習這點蠻明顯,0.868
善於傾聽,隨性自由,0.757
喜歡游泳,喜歡游泳這點蠻明顯,0.926
希望對方不抽菸,希望對方會做菜,0.572
我是隨性自由的人，喜歡健身也喜歡閱讀，目前是行銷人員，平常早睡早起，在關係中尊重界限。,希望對方不抽菸，在感情中喜歡儀式感，作息方面我常去戶外。,0.604
喜歡逛美術館,喜歡登山,0.588
希望對方願意旅行，在感情中坦誠相待，作息方面我假日宅在家。,喜歡閱讀,0.191
忠誠專一,不劈腿,0.971
喜歡旅行,內向安靜,0.229
有各自空間,支持彼此夢想,0.726
喜歡游泳,行銷人員,0.267
目標導向,外向活潑,0.623
重視事業,重視事業這點蠻明顯,0.859
希望對方喜歡小動物，在感情中尊重界限，作息方面我有點小懶。,喜歡攝影,0.286
希望對方會做菜,希望對方會做菜這點蠻明顯,0.89
希望對方重視家庭,希望對方幽默,0.76
互相成長,重視家庭,0.663
喜歡寫程式,喜歡登山,0.019
希望對方作息穩定,希望對方喜歡小動物,0.588
喜歡追劇,喜歡唱歌,0.753
幽默風趣,軟體工程師,0.278
忠誠專一,感情專注,0.977
喜歡安靜,喜歡安靜這點蠻明顯,0.955
喜歡桌遊,獨立自主,0.277
我是獨立自主的人，喜歡籃球也喜歡追劇，目前是老師，平常喜歡小孩，在關係中重視溝通。,醫護人員,0.303
希望對方有上進心,希望對方有上進心這點蠻明顯,0.868
希望對方喜歡戶外活動，在感情中重視事業，作息方面我喜歡熱鬧。,熱情主動,0.2
喜歡旅行,熱愛瑜伽,0.723
喜歡整理,假日宅在家,0.749
希望對方喜歡戶外活動,希望對方重視家庭,0.765
假日宅在家,假日宅在家這點蠻明顯,0.918
常去戶外,喜歡山林,0.629
希望對方作息穩定，在感情中願意分工，作息方面我重視環保。,有同理心,0.337
喜歡咖啡廳,愛看電影,0.043
我是幽默風趣的人，喜歡游泳也喜歡健身，目前是研究生，平常喜歡海邊，在關係中重視金錢觀一致。,希望對方有上進心，在感情中希望穩定，作息方面我喜歡海邊。,0.513
喜歡烹飪,喜歡唱歌,0.636
希望對方願意溝通,希望對方作息穩定,0.664
早睡早起,固定時間就寢,0.935
希望對方幽默，在感情中願意一起學習，作息方面我喜歡安靜。,希望對方願意旅行，在感情中重視家庭，作息方面我喜歡貓。,0.1
愛看電影,喜歡逛美術館,0.583
希望穩定,希望穩定這點蠻明顯,0.901
內向安靜,獨立自主,0.334
喜歡小孩,喜歡狗,0.633
我是直接坦率的人，喜歡美食探店也喜歡羽球，目前是公務員，平常喜歡海邊，在關係中忠誠專一。,喜歡咖啡廳,0.001
尊重界限,尊重界限這點蠻明顯,0.871
希望對方幽默,希望對方有運動習慣,0.673
喜歡旅行,喜歡攝影,0.731
我是重視儀式感的人，喜歡畫畫也喜歡攝影，目前是醫護人員，平常夜貓子，在關係中有各自空間。,希望對方喜歡戶外活動，在感情中重視家庭，作息方面我重視環保。,0.649
我是幽默風趣的人，喜歡逛美術館也喜歡唱歌，目前是律師助理，平常常去戶外，在關係中重視溝通。,希望對方不抽菸，在感情中願意分工，作息方面我喜歡貓。,0.491
喜歡登山,喜歡閱讀,0.687
我是直接坦率的人，喜歡閱讀也喜歡寫程式，目前是軟體工程師，平常喜歡小孩，在關係中互相成長。,機師,0.039
喜歡整理,喜歡安靜,0.593
喜歡寫程式,喜歡寫程式這點蠻明顯,0.847
喜歡山林,喜歡整理,0.575
我是直接坦率的人，熱愛瑜伽也喜歡烹飪，目前是醫護人員，平常夜貓子，在關係中希望穩定。,冷靜穩重,0.136
重視家庭,互相成長,0.619
希望對方有上進心，在感情中喜歡儀式感，作息方面我喜歡小孩。,週末跑步,0.182
喜歡逛美術館,週末跑步,0.631
願意一起學習,願意一起學習這點蠻明顯,0.851
喜歡唱歌,喜歡寫程式,0.716
喜歡狗,狗派,0.894
我是直接坦率的人，喜歡動漫也愛看電影，目前是創業者，平常喜歡整理，在關係中尊重界限。,希望對方喜歡閱讀，在感情中忠誠專一，作息方面我喜歡海邊。,0.721
喜歡安靜,早睡早起,0.617
我是容易緊張的人，喜歡追劇也喜歡籃球，目前是機師，平常喜歡熱鬧，在關係中尊重界限。,希望對方不抽菸，在感情中重視溝通，作息方面我假日宅在家。,0.56
喜歡旅行,喜歡健身,0.586
互相成長,互相成長這點蠻明顯,0.89
喜歡美食探店,喜歡美食探店這點蠻明顯,0.921
希望對方喜歡小動物，在感情中希望穩定，作息方面我有點小懶。,希望對方幽默，在感情中坦誠相待，作息方面我早睡早起。,0.18
希望對方願意旅行，在感情中坦誠相待，作息方面我喜歡海邊。,喜歡烹飪,0.293
喜歡健身,軟體工程師,0.114
希望對方有運動習慣,希望對方作息穩定,0.615
喜歡唱歌,喜歡閱讀,0.643
重視事業,重視溝通,0.774
夜貓子,不菸不酒,0.742
希望對方願意旅行,嚮往出遊的夥伴,0.921
善於傾聽,希望對方會做菜，在感情中願意分工，作息方面我不菸不酒。,0.01
希望對方願意旅行，在感情中願意一起學習，作息方面我不菸不酒。,餐飲服務,0.224
重視事業,尊重界限,0.735
節日會慶祝,節日會慶祝這點蠻明顯,0.899
有各自空間,重視金錢觀一致,0.622
喜歡旅行,喜歡畫畫,0.679
我是樂觀正向的人，喜歡籃球也喜歡登山，目前是資料分析師，平常喜歡貓，在關係中支持彼此夢想。,熱情主動,0.224
謹慎理性,幽默風趣,0.63
我是目標導向的人，喜歡烹飪也愛看電影，目前是餐飲服務，平常喜歡山林，在關係中支持彼此夢想。,希望對方會做菜，在感情中重視家庭，作息方面我喜歡安靜。,0.513
我是直接坦率的人，喜歡畫畫也喜歡唱歌，目前是公務員，平常喜歡山林，在關係中希望穩定。,希望對方有上進心，在感情中喜歡儀式感，作息方面我喜歡熱鬧。,0.821
重視溝通,支持彼此夢想,0.767
互相成長,喜歡儀式感,0.774
希望對方會做菜,希望對方喜歡小動物,0.619
隨性自由,謹慎理性,0.603
我是隨性自由的人，喜歡美食探店也喜歡桌遊，目前是老師，平常喜歡小孩，在關係中忠誠專一。,PM,0.063
有耐心,重視儀式感,0.083
喜歡追劇,直接坦率,0.106
喜歡逛美術館,喜歡音樂會,0.731
我是有同理心的人，熱愛露營也喜歡動漫，目前是公務員，平常喜歡安靜，在關係中喜歡儀式感。,喜歡桌遊,0.146
喜歡攝影,喜歡閱讀,0.591
支持彼此夢想,坦誠相待,0.719
喜歡畫畫,PM,0.144
我是熱情主動的人，喜歡寫程式也喜歡登山，目前是公務員，平常喜歡海邊，在關係中願意分工。,希望對方喜歡閱讀，在感情中願意一起學習，作息方面我喜歡安靜。,0.601
我是有同理心的人，喜歡追劇也喜歡登山，目前是研究生，平常偶爾小酌，在關係中願意分工。,公務員,0.12
喜歡籃球,喜歡健身,0.607
有耐心,喜歡唱歌,0.171
熱愛露營,喜歡游泳,0.57
我是溫柔體貼的人，喜歡閱讀也週末跑步，目前是研究生，平常喜歡狗，在關係中互相成長。,謹慎理性,0.272
冷靜穩重,冷靜穩重這點蠻明顯,0.89
我是獨立自主的人，喜歡籃球也喜歡旅行，目前是研究生，平常早睡早起，在關係中願意一起學習。,希望對方願意溝通，在感情中重視家庭，作息方面我假日宅在家。,0.772
希望對方有運動習慣，在感情中尊重界限，作息方面我不菸不酒。,希望對方喜歡閱讀，在感情中重視金錢觀一致，作息方面我喜歡貓。,0.217
喜歡攝影,喜歡攝影這點蠻明顯,0.853
重視儀式感,樂觀正向,0.113
希望對方會做菜,希望對方會做菜這點蠻明顯,0.908
目標導向,直接坦率,0.669
希望對方喜歡戶外活動,希望對方幽默,0.747
我是樂觀正向的人，喜歡逛美術館也喜歡音樂會，目前是公務員，平常喜歡整理，在關係中尊重界限。,希望對方願意溝通，在感情中重視溝通，作息方面我夜貓子。,0.55
支持彼此夢想,願意分工,0.637
我是幽默風趣的人，愛看電影也喜歡籃球，目前是公務員，平常喜歡貓，在關係中重視事業。,希望對方不抽菸，在感情中互相成長，作息方面我偶爾小酌。,0.064
我是重視儀式感的人，喜歡美食探店也喜歡健身，目前是設計師，平常喜歡海邊，在關係中尊重界限。,希望對方喜歡閱讀，在感情中重視金錢觀一致，作息方面我有點小懶。,0.792
希望對方重視家庭,希望對方重視家庭這點蠻明顯,0.81
重視金錢觀一致,有各自空間,0.709
喜歡動漫,希望對方會做菜，在感情中希望穩定，作息方面我喜歡整理。,0.128
希望對方有運動習慣,想一起運動,0.936
我是外向活潑的人，熱愛露營也愛看電影，目前是軟體工程師，平常喜歡海邊，在關係中互相成長。,喜歡登山,0.033
喜歡規劃,喜歡規劃這點蠻明顯,0.978
喜歡籃球,喜歡閱讀,0.744
熱愛瑜伽,熱愛露營,0.647
隨性自由,希望對方願意溝通，在感情中喜歡儀式感，作息方面我節日會慶祝。,0.303
希望對方不抽菸，在感情中希望穩定，作息方面我重視健康飲食。,希望對方喜歡戶外活動，在感情中願意一起學習，作息方面我喜歡山林。,0.227
容易緊張,喜歡美食探店,0.229
喜歡整理,喜歡小孩,0.568
常去戶外,常去戶外這點蠻明顯,0.991
喜歡籃球,冷靜穩重,0.097
喜歡音樂會,喜歡閱讀,0.612
開放新奇,開放新奇這點蠻明顯,0.962
愛看電影,熱愛露營,0.653
希望穩定,希望穩定這點蠻明顯,0.925
希望穩定,希望穩定這點蠻明顯,0.993
重視家庭,重視家庭這點蠻明顯,0.859
假日宅在家,假日宅在家這點蠻明顯,0.935
願意分工,希望穩定,0.606
我是幽默風趣的人，喜歡旅行也喜歡音樂會，目前是設計師，平常喜歡小孩，在關係中坦誠相待。,希望對方會做菜，在感情中互相成長，作息方面我常去戶外。,0.401
喜歡音樂會,喜歡音樂會這點蠻明顯,0.982
我是有耐心的人，喜歡籃球也喜歡桌遊，目前是設計師，平常喜歡整理，在關係中重視家庭。,希望對方幽默，在感情中坦誠相待，作息方面我重視環保。,0.664
喜歡美食探店,喜歡羽球,0.077
有同理心,喜歡咖啡廳,0.212
希望對方有上進心，在感情中喜歡儀式感，作息方面我早睡早起。,希望對方願意旅行，在感情中重視家庭，作息方面我喜歡貓。,0.144
喜歡烹飪,喜歡桌遊,0.646
重視健康飲食,少油少鹽,0.886
重視溝通,願意好好說,0.976
喜歡安靜,喜歡整理,0.636
希望對方會做菜，在感情中有各自空間，作息方面我喜歡熱鬧。,熱愛瑜伽,0.148
希望對方重視家庭,希望對方重視家庭這點蠻明顯,0.876
喜歡逛美術館,喜歡逛美術館這點蠻明顯,1.0
喜歡健身,PM,0.269
隨性自由,謹慎理性,0.612
愛看電影,愛看電影這點蠻明顯,0.84
直接坦率,直接坦率這點蠻明顯,0.872
常去戶外,常去戶外這點蠻明顯,0.934
熱愛露營,喜歡野外過夜,0.992
喜歡籃球,喜歡籃球這點蠻明顯,0.973
尊重界限,重視事業,0.691
我是隨性自由的人，熱愛露營也喜歡攝影，目前是資料分析師，平常有點小懶，在關係中支持彼此夢想。,希望對方願意溝通，在感情中重視家庭，作息方面我常去戶外。,0.707
我是溫柔體貼的人，喜歡動漫也喜歡攝影，目前是機師，平常喜歡安靜，在關係中喜歡儀式感。,希望對方作息穩定，在感情中願意一起學習，作息方面我常去戶外。,0.536
喜歡追劇,善於傾聽,0.167
重視家庭,願意一起學習,0.743
喜歡逛美術館,週末跑步,0.665
我是幽默風趣的人，喜歡美食探店也喜歡音樂會，目前是餐飲服務，平常喜歡安靜，在關係中重視家庭。,資料分析師,0.237
希望對方重視家庭，在感情中喜歡儀式感，作息方面我喜歡熱鬧。,研究生,0.107
容易緊張,律師助理,0.043
週末跑步,週末跑步這點蠻明顯,0.963
喜歡音樂會,喜歡動漫,0.771
喜歡整理,重視健康飲食,0.622
我是幽默風趣的人，喜歡音樂會也愛看電影，目前是創業者，平常假日宅在家，在關係中有各自空間。,幽默風趣,0.348
有耐心,喜歡規劃,0.6
喜歡登山,熱愛健行,0.957
容易緊張,容易緊張這點蠻明顯,0.967
重視事業,重視溝通,0.638
假日宅在家,喜歡整理,0.684
我是有耐心的人，週末跑步也喜歡登山，目前是律師助理，平常重視健康飲食，在關係中喜歡儀式感。,希望對方重視家庭，在感情中願意一起學習，作息方面我喜歡安靜。,0.709
我是有耐心的人，熱愛瑜伽也喜歡音樂會，目前是自由接案者，平常喜歡山林，在關係中喜歡儀式感。,喜歡羽球,0.343
喜歡狗,常去戶外,0.772
喜歡熱鬧,喜歡熱鬧這點蠻明顯,0.987
希望對方作息穩定,希望對方有運動習慣,0.694
希望對方有運動習慣,想一起運動,0.838
我是獨立自主的人，熱愛瑜伽也喜歡追劇，目前是資料分析師，平常喜歡貓，在關係中忠誠專一。,老師,0.208
外向活潑,直接坦率,0.66
謹慎理性,喜歡美食探店,0.087
喜歡寫程式,律師助理,0.296
假日宅在家,常去戶外,0.625
希望對方願意溝通,希望對方願意溝通這點蠻明顯,0.836
喜歡追劇,喜歡追劇這點蠻明顯,0.952
我是容易緊張的人，喜歡旅行也喜歡美食探店，目前是自由接案者，平常夜貓子，在關係中重視事業。,希望對方喜歡小動物，在感情中重視事業，作息方面我喜歡海邊。,0.666
我是善於傾聽的人，喜歡烹飪也喜歡健身，目前是金融從業，平常假日宅在家，在關係中重視事業。,希望對方喜歡戶外活動，在感情中願意一起學習，作息方面我偶爾小酌。,0.825
假日宅在家,假日宅在家這點蠻明顯,0.946
希望對方喜歡閱讀,希望對方喜歡閱讀這點蠻明顯,0.879
希望對方喜歡閱讀，在感情中坦誠相待，作息方面我喜歡小孩。,希望對方不抽菸，在感情中坦誠相待，作息方面我喜歡熱鬧。,0.057
喜歡籃球,喜歡籃球這點蠻明顯,0.975
希望對方願意旅行，在感情中重視家庭，作息方面我夜貓子。,希望對方有運動習慣，在感情中互相成長，作息方面我偶爾小酌。,0.002
希望對方喜歡閱讀，在感情中坦誠相待，作息方面我喜歡小孩。,溫柔體貼,0.317
重視健康飲食,喜歡安靜,0.728
直接坦率,重視儀式感,0.771
善於傾聽,幽默風趣,0.605
常去戶外,常去戶外這點蠻明顯,0.895
喜歡安靜,重視環保,0.623
目標導向,目標導向這點蠻明顯,0.802
喜歡美食探店,喜歡畫畫,0.71
願意一起學習,願意一起學習這點蠻明顯,0.863
開放新奇,開放新奇這點蠻明顯,0.968
喜歡安靜,喜歡安靜這點蠻明顯,0.966
目標導向,外向活潑,0.216
喜歡美食探店,金融從業,0.051
希望對方幽默，在感情中重視金錢觀一致，作息方面我重視環保。,老師,0.071
謹慎理性,謹慎理性這點蠻明顯,0.944
重視金錢觀一致,重視金錢觀一致這點蠻明顯,0.98
希望對方願意旅行，在感情中有各自空間，作息方面我早睡早起。,喜歡逛美術館,0.149
幽默風趣,幽默風趣這點蠻明顯,0.806
幽默風趣,幽默風趣這點蠻明顯,0.904
外向活潑,開放新奇,0.595
我是謹慎理性的人，喜歡咖啡廳也喜歡游泳，目前是機師，平常喜歡安靜，在關係中重視溝通。,希望對方喜歡小動物，在感情中坦誠相待，作息方面我喜歡小孩。,0.441
熱愛瑜伽,喜歡咖啡廳,0.625
希望對方重視家庭,希望對方重視家庭這點蠻明顯,0.86
重視儀式感,希望對方願意旅行，在感情中互相成長，作息方面我喜歡海邊。,0.088
獨立自主,隨性自由,0.68
希望穩定,重視金錢觀一致,0.685
希望對方作息穩定,希望對方作息穩定這點蠻明顯,0.884
希望對方喜歡戶外活動,希望對方喜歡戶外活動這點蠻明顯,0.99
希望對方不抽菸，在感情中重視事業，作息方面我喜歡海邊。,喜歡音樂會,0.012
我是目標導向的人，喜歡追劇也喜歡美食探店，目前是公務員，平常喜歡海邊，在關係中支持彼此夢想。,希望對方喜歡小動物，在感情中互相成長，作息方面我重視環保。,0.732
冷靜穩重,有同理心,0.136
喜歡安靜,喜歡安靜這點蠻明顯,0.985
我是喜歡規劃的人，喜歡逛美術館也週末跑步，目前是金融從業，平常重視健康飲食，在關係中支持彼此夢想。,希望對方重視家庭，在感情中坦誠相待，作息方面我喜歡海邊。,0.019
喜歡追劇,喜歡追劇這點蠻明顯,0.927
隨性自由,隨性自由這點蠻明顯,0.922
喜歡羽球,喜歡羽球這點蠻明顯,0.971
喜歡籃球,喜歡籃球這點蠻明顯,0.881
喜歡籃球,喜歡唱歌,0.339
我是有同理心的人，週末跑步也喜歡攝影，目前是律師助理，平常喜歡熱鬧，在關係中喜歡儀式感。,希望對方重視家庭，在感情中願意一起學習，作息方面我喜歡熱鬧。,0.795
我是容易緊張的人，喜歡健身也喜歡游泳，目前是金融從業，平常不菸不酒，在關係中喜歡儀式感。,希望對方有運動習慣，在感情中坦誠相待，作息方面我常去戶外。,0.572
溫柔體貼,熱情主動,0.554
喜歡閱讀,希望對方有上進心，在感情中重視溝通，作息方面我偶爾小酌。,0.292
希望對方幽默,希望對方重視家庭,0.748
希望對方幽默,會說笑話,0.95
喜歡游泳,喜歡游泳這點蠻明顯,0.9
喜歡小孩,喜歡小孩這點蠻明顯,0.941
喜歡健身,熱情主動,0.346
尊重界限,願意一起學習,0.741
熱愛瑜伽,隨性自由,0.066
希望對方願意溝通,希望對方願意溝通這點蠻明顯,0.923
喜歡儀式感,喜歡儀式感這點蠻明顯,0.908
尊重界限,希望穩定,0.692
熱愛露營,喜歡野外過夜,0.863
假日宅在家,假日宅在家這點蠻明顯,0.965
重視儀式感,重視儀式感這點蠻明顯,0.849
喜歡逛美術館,喜歡逛美術館這點蠻明顯,0.808
直接坦率,希望對方願意旅行，在感情中希望穩定，作息方面我喜歡海邊。,0.243
希望對方願意溝通,希望對方願意溝通這點蠻明顯,0.808
希望對方有上進心,希望對方有上進心這點蠻明顯,0.877
喜歡游泳,機師,0.134
喜歡桌遊,喜歡旅行,0.647
喜歡海邊,喜歡山林,0.73
喜歡逛美術館,熱愛瑜伽,0.607
喜歡海邊,喜歡海邊這點蠻明顯,0.898
我是謹慎理性的人，熱愛露營也喜歡寫程式，目前是公務員，平常喜歡海邊，在關係中支持彼此夢想。,希望對方願意旅行，在感情中重視溝通，作息方面我有點小懶。,0.602
喜歡貓,喜歡安靜,0.663
互相成長,互相成長這點蠻明顯,0.905
喜歡攝影,喜歡咖啡廳,0.701
希望對方喜歡閱讀,希望對方喜歡閱讀這點蠻明顯,0.819
冷靜穩重,冷靜穩重這點蠻明顯,0.922
希望對方願意溝通,希望對方喜歡小動物,0.675
喜歡唱歌,喜歡唱歌這點蠻明顯,0.902
喜歡整理,喜歡安靜,0.6
我是開放新奇的人，喜歡羽球也愛看電影，目前是PM，平常偶爾小酌，在關係中願意一起學習。,希望對方願意溝通，在感情中喜歡儀式感，作息方面我喜歡狗。,0.653
我是幽默風趣的人，喜歡登山也愛看電影，目前是公務員，平常喜歡貓，在關係中願意分工。,希望對方不抽菸，在感情中忠誠專一，作息方面我節日會慶祝。,0.662
希望穩定,支持彼此夢想,0.76
尊重界限,尊重界限這點蠻明顯,0.866
我是內向安靜的人，喜歡烹飪也喜歡羽球，目前是資料分析師，平常假日宅在家，在關係中互相成長。,希望對方會做菜，在感情中互相成長，作息方面我喜歡小孩。,0.78
喜歡桌遊,喜歡閱讀,0.633
希望對方幽默，在感情中願意分工，作息方面我喜歡熱鬧。,開放新奇,0.04
喜歡游泳,愛看電影,0.61
願意分工,願意分工這點蠻明顯,0.896
希望對方有運動習慣,希望他會健身,0.905
希望對方作息穩定,希望對方作息穩定這點蠻明顯,0.932
熱愛瑜伽,喜歡閱讀,0.715
溫柔體貼,感性細膩,0.735
忠誠專一,希望穩定,0.643
節日會慶祝,節日會慶祝這點蠻明顯,0.861
喜歡山林,喜歡山林這點蠻明顯,0.822
溫柔體貼,溫柔體貼這點蠻明顯,0.928
希望對方幽默,希望對方有上進心,0.616
有耐心,有耐心這點蠻明顯,0.947
隨性自由,樂觀正向,0.631
互相成長,互相成長這點蠻明顯,0.875
希望對方有上進心,希望對方有上進心這點蠻明顯,0.949
希望對方喜歡小動物，在感情中希望穩定，作息方面我夜貓子。,創業者,0.182
感性細膩,溫柔體貼,0.205
希望對方作息穩定,希望對方喜歡閱讀,0.725
喜歡熱鬧,喜歡熱鬧這點蠻明顯,0.848
重視溝通,忠誠專一,0.675
願意分工,喜歡儀式感,0.595
喜歡籃球,希望對方喜歡戶外活動，在感情中尊重界限，作息方面我常去戶外。,0.168
希望對方喜歡戶外活動，在感情中支持彼此夢想，作息方面我夜貓子。,喜歡羽球,0.259
喜歡安靜,喜歡安靜這點蠻明顯,0.818
希望對方喜歡小動物,希望對方有上進心,0.557
希望對方重視家庭,希望對方重視家庭這點蠻明顯,0.987
我是獨立自主的人，喜歡美食探店也喜歡籃球，目前是餐飲服務，平常喜歡熱鬧，在關係中尊重界限。,希望對方喜歡戶外活動，在感情中有各自空間，作息方面我重視環保。,0.838
喜歡攝影,熱愛露營,0.571
我是善於傾聽的人，喜歡旅行也喜歡羽球，目前是資料分析師，平常假日宅在家，在關係中尊重界限。,希望對方喜歡閱讀，在感情中願意一起學習，作息方面我喜歡熱鬧。,0.773
週末跑步,喜歡逛美術館,0.585
重視金錢觀一致,互相成長,0.69
我是樂觀正向的人，週末跑步也喜歡登山，目前是餐飲服務，平常喜歡狗，在關係中重視家庭。,希望對方有運動習慣，在感情中有各自空間，作息方面我常去戶外。,0.292
希望對方願意旅行，在感情中希望穩定，作息方面我重視健康飲食。,希望對方喜歡閱讀，在感情中重視金錢觀一致，作息方面我夜貓子。,0.1
重視事業,願意分工,0.606
我是冷靜穩重的人，喜歡逛美術館也喜歡旅行，目前是研究助理，平常重視環保，在關係中願意一起學習。,希望對方喜歡閱讀，在感情中忠誠專一，作息方面我喜歡山林。,0.294
希望對方會做菜,希望對方有上進心,0.67
隨性自由,醫護人員,0.319
偶爾小酌,喜歡狗,0.571
夜貓子,常常熬夜,0.877
願意分工,願意分工這點蠻明顯,0.931
喜歡安靜,假日宅在家,0.673
隨性自由,直接坦率,0.686
內向安靜,話不多但真誠,0.958
喜歡狗,喜歡整理,0.636
重視環保,重視環保這點蠻明顯,0.889
喜歡籃球,喜歡動漫,0.617
喜歡旅行,希望對方願意溝通，在感情中重視事業，作息方面我喜歡熱鬧。,0.278
重視溝通,願意好好說,0.987
熱情主動,目標導向,0.21
喜歡游泳,資料分析師,0.04
早睡早起,作息規律,0.93
我是獨立自主的人，喜歡攝影也喜歡籃球，目前是金融從業，平常喜歡小孩，在關係中願意一起學習。,希望對方幽默，在感情中尊重界限，作息方面我常去戶外。,0.458
溫柔體貼,喜歡籃球,0.187
希望對方會做菜，在感情中互相成長，作息方面我夜貓子。,感性細膩,0.101
喜歡寫程式,喜歡寫程式這點蠻明顯,0.922
熱情主動,熱情主動這點蠻明顯,0.887
希望對方有上進心,希望對方有上進心這點蠻明顯,0.828
喜歡動漫,喜歡動漫這點蠻明顯,0.84
直接坦率,善於傾聽,0.776
重視事業,喜歡儀式感,0.756
尊重界限,坦誠相待,0.646
我是外向活潑的人，喜歡籃球也喜歡健身，目前是自由接案者，平常喜歡狗，在關係中互相成長。,熱情主動,0.109
喜歡咖啡廳,喜歡咖啡廳這點蠻明顯,0.864
偶爾小酌,節日會慶祝,0.579
喜歡寫程式,喜歡寫程式這點蠻明顯,0.851
希望對方喜歡戶外活動,希望對方喜歡戶外活動這點蠻明顯,0.991
喜歡動漫,喜歡畫畫,0.648
喜歡音樂會,喜歡動漫,0.571
希望對方重視家庭,希望對方重視家庭這點蠻明顯,0.845
我是容易緊張的人，喜歡音樂會也喜歡籃球，目前是行銷人員，平常喜歡海邊，在關係中互相成長。,希望對方不抽菸，在感情中願意一起學習，作息方面我假日宅在家。,0.458
喜歡整理,喜歡狗,0.761
有同理心,喜歡規劃,0.68
開放新奇,律師助理,0.05
希望對方幽默,有幽默感,0.81
我是外向活潑的人，喜歡健身也熱愛露營，目前是老師，平常常去戶外，在關係中重視金錢觀一致。,善於傾聽,0.277
冷靜穩重,冷靜穩重這點蠻明顯,0.889
有耐心,獨立自主,0.571
喜歡唱歌,喜歡唱歌這點蠻明顯,0.873
我是冷靜穩重的人，愛看電影也喜歡畫畫，目前是行銷人員，平常節日會慶祝，在關係中重視金錢觀一致。,希望對方願意旅行，在感情中喜歡儀式感，作息方面我節日會慶祝。,0.631
尊重界限,坦誠相待,0.587
喜歡羽球,喜歡羽球這點蠻明顯,0.825
喜歡儀式感,重視事業,0.678
尊重界限,尊重界限這點蠻明顯,0.962
目標導向,冷靜穩重,0.718
熱情主動,樂觀正向,0.773
有點小懶,能躺就躺,0.875
希望對方有上進心,希望對方幽默,0.724
夜貓子,重視健康飲食,0.723
喜歡貓,很愛貓咪,0.999
喜歡小孩,重視環保,0.676
我是樂觀正向的人，喜歡追劇也喜歡唱歌，目前是資料分析師，平常喜歡海邊，在關係中重視事業。,喜歡畫畫,0.139
喜歡貓,喜歡整理,0.767
重視金錢觀一致,希望穩定,0.626
希望對方不抽菸,希望對方不抽菸這點蠻明顯,0.941
有點小懶,偶爾拖延,0.953
喜歡旅行,喜歡游泳,0.669
喜歡音樂會,喜歡音樂會這點蠻明顯,0.892
尊重界限,重視溝通,0.571
希望對方喜歡閱讀，在感情中坦誠相待，作息方面我喜歡安靜。,喜歡規劃,0.167
有各自空間,有各自空間這點蠻明顯,0.912
喜歡游泳,喜歡烹飪,0.59
目標導向,溫柔體貼,0.577
我是獨立自主的人，喜歡籃球也愛看電影，目前是機師，平常喜歡海邊，在關係中重視事業。,希望對方幽默，在感情中喜歡儀式感，作息方面我有點小懶。,0.469
喜歡山林,喜歡山林這點蠻明顯,0.969
願意分工,願意分工這點蠻明顯,0.867
我是隨性自由的人，喜歡畫畫也喜歡閱讀，目前是機師，平常重視健康飲食，在關係中坦誠相待。,希望對方幽默，在感情中願意一起學習，作息方面我喜歡安靜。,0.832
善於傾聽,金融從業,0.126
希望對方喜歡戶外活動,希望對方喜歡戶外活動這點蠻明顯,0.853
重視溝通,支持彼此夢想,0.761
直接坦率,熱情主動,0.155
喜歡籃球,喜歡動漫,0.701
忠誠專一,支持彼此夢想,0.62
重視儀式感,重視儀式感這點蠻明顯,0.91
我是善於傾聽的人，喜歡畫畫也喜歡寫程式，目前是軟體工程師，平常假日宅在家，在關係中互相成長。,希望對方喜歡戶外活動，在感情中願意一起學習，作息方面我喜歡海邊。,0.825
熱情主動,熱情主動這點蠻明顯,0.964
喜歡規劃,喜歡規劃這點蠻明顯,0.956
喜歡桌遊,隨性自由,0.084
直接坦率,重視儀式感,0.614
喜歡逛美術館,喜歡逛美術館,0.3
希望對方喜歡戶外活動,希望對方重視家庭,0.769
喜歡寫程式,喜歡寫程式這點蠻明顯,0.976
我是感性細膩的人，愛看電影也喜歡羽球，目前是PM，平常假日宅在家，在關係中重視金錢觀一致。,希望對方重視家庭，在感情中希望穩定，作息方面我喜歡熱鬧。,0.755
我是開放新奇的人，喜歡游泳也喜歡美食探店，目前是研究生，平常重視環保，在關係中支持彼此夢想。,希望對方有上進心，在感情中願意一起學習，作息方面我喜歡安靜。,0.763
喜歡閱讀,喜歡咖啡廳,0.648
喜歡烹飪,喜歡烹飪這點蠻明顯,0.943
我是直接坦率的人，喜歡籃球也喜歡美食探店，目前是律師助理，平常有點小懶，在關係中希望穩定。,希望對方喜歡小動物，在感情中重視事業，作息方面我喜歡小孩。,0.506
我是感性細膩的人，喜歡逛美術館也喜歡寫程式，目前是自由接案者，平常重視健康飲食，在關係中尊重界限。,希望對方有運動習慣，在感情中坦誠相待，作息方面我假日宅在家。,0.152
熱愛瑜伽,熱愛瑜伽這點蠻明顯,0.983
週末跑步,喜歡健身,0.582
樂觀正向,樂觀正向這點蠻明顯,0.979
喜歡音樂會,喜歡美食探店,0.708
感性細膩,獨立自主,0.776
喜歡音樂會,喜歡音樂會這點蠻明顯,0.902
喜歡儀式感,喜歡儀式感這點蠻明顯,0.937
喜歡畫畫,希望對方願意旅行，在感情中支持彼此夢想，作息方面我喜歡狗。,0.091
希望對方喜歡閱讀,希望對方喜歡小動物,0.621
希望對方會做菜，在感情中喜歡儀式感，作息方面我喜歡整理。,謹慎理性,0.153
謹慎理性,隨性自由,0.729
我是有同理心的人，熱愛瑜伽也喜歡寫程式，目前是律師助理，平常節日會慶祝，在關係中喜歡儀式感。,希望對方有運動習慣，在感情中重視溝通，作息方面我夜貓子。,0.779
希望對方作息穩定,希望對方作息穩定這點蠻明顯,0.961
重視健康飲食,注意營養均衡,0.824
謹慎理性,醫護人員,0.312
重視家庭,重視家庭這點蠻明顯,0.974
希望對方有上進心,希望對方喜歡小動物,0.618
夜貓子,有點小懶,0.651
我是善於傾聽的人，喜歡美食探店也喜歡畫畫，目前是研究生，平常夜貓子，在關係中重視事業。,希望對方不抽菸，在感情中喜歡儀式感，作息方面我有點小懶。,0.839
感性細膩,喜歡動漫,0.292
熱愛瑜伽,熱愛瑜伽,0.254
重視溝通,支持彼此夢想,0.596
重視環保,喜歡熱鬧,0.561
希望對方作息穩定,希望對方作息穩定這點蠻明顯,0.915
希望對方有運動習慣,希望他會健身,0.888
目標導向,目標導向這點蠻明顯,0.942
有各自空間,坦誠相待,0.695
開放新奇,獨立自主,0.736
有同理心,內向安靜,0.186
喜歡規劃,隨性自由,0.752
節日會慶祝,節日會慶祝這點蠻明顯,0.836
喜歡旅行,喜歡旅行這點蠻明顯,0.94
尊重界限,尊重界限這點蠻明顯,0.857
支持彼此夢想,有各自空間,0.636
樂觀正向,樂觀正向這點蠻明顯,0.802
外向活潑,熱情主動,0.699
希望對方願意旅行,想一起去旅行,0.838
喜歡安靜,喜歡安靜這點蠻明顯,0.822
我是有耐心的人，喜歡畫畫也喜歡唱歌，目前是公務員，平常重視環保，在關係中喜歡儀式感。,希望對方喜歡閱讀，在感情中忠誠專一，作息方面我偶爾小酌。,0.435
希望穩定,尊重界限,0.717
樂觀正向,樂觀正向這點蠻明顯,0.838
重視事業,重視事業這點蠻明顯,0.816
希望對方不抽菸,希望對方不抽菸這點蠻明顯,0.812
節日會慶祝,假日宅在家,0.692
希望對方作息穩定，在感情中重視家庭，作息方面我不菸不酒。,希望對方重視家庭，在感情中有各自空間，作息方面我喜歡山林。,0.346
我是感性細膩的人，喜歡動漫也喜歡畫畫，目前是行銷人員，平常常去戶外，在關係中有各自空間。,希望對方作息穩定，在感情中重視金錢觀一致，作息方面我喜歡海邊。,0.438
我是有同理心的人，喜歡籃球也喜歡咖啡廳，目前是公務員，平常喜歡貓，在關係中坦誠相待。,獨立自主,0.098
喜歡畫畫,喜歡畫畫這點蠻明顯,0.805
善於傾聽,善於傾聽這點蠻明顯,0.887
希望對方喜歡小動物,希望對方喜歡小動物這點蠻明顯,0.941
容易緊張,有同理心,0.756
喜歡貓,喜歡小孩,0.752
坦誠相待,重視家庭,0.619
希望對方幽默，在感情中坦誠相待，作息方面我不菸不酒。,喜歡動漫,0.272
內向安靜,謹慎理性,0.694
早睡早起,作息規律,0.967
重視金錢觀一致,重視金錢觀一致這點蠻明顯,0.866
感性細膩,感性細膩這點蠻明顯,0.887
喜歡籃球,喜歡唱歌,0.567
我是熱情主動的人，喜歡健身也喜歡音樂會，目前是設計師，平常有點小懶，在關係中希望穩定。,喜歡規劃,0.294
熱愛瑜伽,喜歡登山,0.61
喜歡咖啡廳,喜歡咖啡廳這點蠻明顯,0.92
喜歡貓,重視環保,0.683
我是有同理心的人，喜歡動漫也喜歡音樂會，目前是律師助理，平常有點小懶，在關係中重視事業。,希望對方有上進心，在感情中重視金錢觀一致，作息方面我節日會慶祝。,0.602
愛看電影,喜歡健身,0.592
愛看電影,愛看電影這點蠻明顯,0.849
有點小懶,偶爾拖延,0.809
支持彼此夢想,互相成長,0.591
冷靜穩重,喜歡游泳,0.2
熱愛露營,喜歡桌遊,0.694
喜歡整理,喜歡熱鬧,0.705
互相成長,互相成長這點蠻明顯,0.895
我是熱情主動的人，喜歡羽球也愛看電影，目前是公務員，平常喜歡山林，在關係中支持彼此夢想。,PM,0.072
外向活潑,開放新奇,0.254
喜歡整理,愛收納,0.888
希望穩定,希望穩定這點蠻明顯,0.891
冷靜穩重,冷靜穩重這點蠻明顯,0.991
幽默風趣,幽默風趣這點蠻明顯,0.819
希望對方幽默，在感情中願意一起學習，作息方面我有點小懶。,醫護人員,0.004
希望對方有運動習慣,希望對方喜歡閱讀,0.73
常去戶外,重視健康飲食,0.565
喜歡追劇,喜歡羽球,0.626
獨立自主,獨立自主這點蠻明顯,0.815
喜歡唱歌,喜歡登山,0.778
坦誠相待,不隱瞞,0.891
希望對方重視家庭,希望對方有運動習慣,0.67
希望對方願意溝通,希望對方願意溝通這點蠻明顯,0.867
希望穩定,希望穩定這點蠻明顯,0.854
希望對方願意溝通,希望對方願意溝通這點蠻明顯,0.869
有同理心,樂觀正向,0.582
我是謹慎理性的人，喜歡閱讀也熱愛露營，目前是行銷人員，平常常去戶外，在關係中喜歡儀式感。,希望對方有運動習慣，在感情中願意一起學習，作息方面我節日會慶祝。,0.817
獨立自主,希望對方重視家庭，在感情中支持彼此夢想，作息方面我不菸不酒。,0.064
希望對方願意旅行，在感情中重視金錢觀一致，作息方面我假日宅在家。,公務員,0.053
喜歡攝影,感性細膩,0.221
喜歡唱歌,喜歡唱歌這點蠻明顯,0.845
我是喜歡規劃的人，愛看電影也喜歡羽球，目前是老師，平常喜歡海邊，在關係中有各自空間。,希望對方有運動習慣，在感情中有各自空間，作息方面我重視環保。,0.741
善於傾聽,老師,0.248
希望對方喜歡閱讀,希望對方有運動習慣,0.624
我是開放新奇的人，喜歡攝影也喜歡逛美術館，目前是自由接案者，平常喜歡熱鬧，在關係中願意分工。,喜歡烹飪,0.309
早睡早起,喜歡海邊,0.737
我是幽默風趣的人，喜歡美食探店也熱愛瑜伽，目前是律師助理，平常喜歡熱鬧，在關係中希望穩定。,希望對方幽默，在感情中喜歡儀式感，作息方面我節日會慶祝。,0.264
喜歡美食探店,喜歡美食探店這點蠻明顯,0.833
我是隨性自由的人，喜歡登山也喜歡唱歌，目前是創業者，平常喜歡貓，在關係中希望穩定。,希望對方幽默，在感情中願意分工，作息方面我喜歡山林。,0.78
喜歡桌遊,喜歡逛美術館,0.73
願意分工,願意分工這點蠻明顯,0.893
我是有耐心的人，喜歡羽球也喜歡追劇，目前是PM，平常夜貓子，在關係中重視家庭。,希望對方有上進心，在感情中重視家庭，作息方面我喜歡狗。,0.467
重視金錢觀一致,重視事業,0.554
偶爾小酌,偶爾喝啤酒,0.901
互相成長,重視溝通,0.573
我是喜歡規劃的人，喜歡羽球也週末跑步，目前是自由接案者，平常假日宅在家，在關係中互相成長。,希望對方不抽菸，在感情中重視家庭，作息方面我早睡早起。,0.452
喜歡貓,很愛貓咪,0.964
喜歡唱歌,喜歡唱歌這點蠻明顯,0.881
希望對方作息穩定，在感情中願意分工，作息方面我喜歡小孩。,有同理心,0.144
希望對方願意溝通，在感情中重視金錢觀一致，作息方面我不菸不酒。,研究助理,0.089
希望對方喜歡閱讀,希望對方喜歡閱讀這點蠻明顯,0.841
熱情主動,熱情主動這點蠻明顯,0.877
喜歡畫畫,喜歡寫程式,0.588
喜歡登山,喜歡走步道,0.886
樂觀正向,善於傾聽,0.646
我是善於傾聽的人，喜歡桌遊也喜歡旅行，目前是研究助理，平常喜歡狗，在關係中願意分工。,希望對方不抽菸，在感情中重視金錢觀一致，作息方面我喜歡熱鬧。,0.848
直接坦率,直接坦率這點蠻明顯,0.982
內向安靜,外向活潑,0.645
喜歡規劃,喜歡規劃這點蠻明顯,0.994
我是溫柔體貼的人，喜歡桌遊也喜歡寫程式，目前是行銷人員，平常假日宅在家，在關係中願意一起學習。,熱愛瑜伽,0.039
我是外向活潑的人，喜歡逛美術館也喜歡羽球，目前是軟體工程師，平常不菸不酒，在關係中重視事業。,希望對方作息穩定，在感情中互相成長，作息方面我喜歡貓。,0.596
目標導向,喜歡美食探店,0.16
希望對方喜歡閱讀,希望對方作息穩定,0.739
希望對方會做菜,希望對方不抽菸,0.636
願意一起學習,願意一起學習這點蠻明顯,0.835
有耐心,容易緊張,0.684
希望對方不抽菸,希望對方不抽菸這點蠻明顯,0.998
我是溫柔體貼的人，愛看電影也週末跑步，目前是研究生，平常偶爾小酌，在關係中坦誠相待。,喜歡烹飪,0.166
謹慎理性,熱情主動,0.635
喜歡整理,愛收納,0.908
希望穩定,希望穩定這點蠻明顯,0.805
我是直接坦率的人，喜歡籃球也喜歡桌遊，目前是研究助理，平常喜歡小孩，在關係中重視金錢觀一致。,希望對方作息穩定，在感情中互相成長，作息方面我有點小懶。,0.534
喜歡海邊,喜歡海邊這點蠻明顯,0.848
喜歡咖啡廳,喜歡籃球,0.663
夜貓子,常常熬夜,0.928
容易緊張,容易緊張這點蠻明顯,0.943
獨立自主,公務員,0.062
喜歡小孩,重視環保,0.581
希望對方會做菜,希望對方願意旅行,0.656
我是內向安靜的人，喜歡逛美術館也喜歡畫畫，目前是醫護人員，平常喜歡狗，在關係中有各自空間。,希望對方喜歡小動物，在感情中坦誠相待，作息方面我節日會慶祝。,0.806
我是容易緊張的人，喜歡唱歌也喜歡登山，目前是金融從業，平常喜歡海邊，在關係中坦誠相待。,喜歡畫畫,0.03
愛看電影,熱愛露營,0.613
內向安靜,慢熱型,0.848
隨性自由,隨性自由這點蠻明顯,0.856
重視環保,重視環保這點蠻明顯,0.901
重視家庭,重視家庭這點蠻明顯,0.82
支持彼此夢想,支持彼此夢想這點蠻明顯,0.823
有耐心,有耐心這點蠻明顯,0.828
喜歡美食探店,喜歡美食探店這點蠻明顯,0.951
喜歡儀式感,喜歡儀式感這點蠻明顯,0.851
願意一起學習,願意一起學習這點蠻明顯,0.852
希望對方不抽菸，在感情中忠誠專一，作息方面我節日會慶祝。,希望對方願意溝通，在感情中坦誠相待，作息方面我偶爾小酌。,0.275
喜歡美食探店,喜歡美食探店這點蠻明顯,0.832
我是善於傾聽的人，熱愛露營也週末跑步，目前是創業者，平常喜歡熱鬧，在關係中尊重界限。,希望對方有上進心，在感情中忠誠專一，作息方面我有點小懶。,0.653
我是喜歡規劃的人，熱愛露營也喜歡登山，目前是資料分析師，平常喜歡狗，在關係中支持彼此夢想。,希望對方作息穩定，在感情中互相成長，作息方面我偶爾小酌。,0.773
獨立自主,喜歡動漫,0.092
重視溝通,願意好好說,0.954
偶爾小酌,假日會喝一點酒,0.977
有各自空間,重視事業,0.563
謹慎理性,謹慎理性這點蠻明顯,0.946
希望對方有上進心,希望對方有上進心這點蠻明顯,0.821
希望對方喜歡閱讀,希望對方重視家庭,0.779
容易緊張,謹慎理性,0.621
互相成長,喜歡儀式感,0.612
喜歡安靜,常去戶外,0.682
熱愛瑜伽,熱愛瑜伽這點蠻明顯,0.944
喜歡閱讀,喜歡閱讀這點蠻明顯,0.831
喜歡旅行,喜歡旅行這點蠻明顯,0.901
重視溝通,喜歡儀式感,0.71
容易緊張,感性細膩,0.71
重視溝通,坦誠相待,0.749
願意分工,重視家庭,0.685
冷靜穩重,幽默風趣,0.66
願意分工,願意分工這點蠻明顯,0.947
我是有同理心的人，喜歡美食探店也喜歡畫畫，目前是軟體工程師，平常重視環保，在關係中重視溝通。,希望對方作息穩定，在感情中願意分工，作息方面我假日宅在家。,0.546
希望對方喜歡閱讀，在感情中重視家庭，作息方面我早睡早起。,希望對方願意溝通，在感情中坦誠相待，作息方面我喜歡熱鬧。,0.012
容易緊張,喜歡寫程式,0.171
希望對方有上進心,希望對方有上進心這點蠻明顯,0.802
我是有耐心的人，喜歡寫程式也週末跑步，目前是創業者，平常夜貓子，在關係中願意分工。,公務員,0.342
希望穩定,願意分工,0.7
假日宅在家,重視環保,0.649
外向活潑,研究助理,0.331
支持彼此夢想,尊重界限,0.619
互相成長,喜歡儀式感,0.764
常去戶外,常去戶外這點蠻明顯,0.96
喜歡畫畫,容易緊張,0.081
感性細膩,容易緊張,0.639
我是有耐心的人，喜歡逛美術館也喜歡登山，目前是設計師，平常偶爾小酌，在關係中重視金錢觀一致。,希望對方不抽菸，在感情中希望穩定，作息方面我重視健康飲食。,0.401
內向安靜,希望對方不抽菸，在感情中重視家庭，作息方面我有點小懶。,0.166
希望對方會做菜,希望對方會做菜這點蠻明顯,0.855
希望對方有上進心,希望對方喜歡戶外活動,0.69
希望穩定,希望穩定這點蠻明顯,0.847
我是善於傾聽的人，喜歡音樂會也愛看電影，目前是設計師，平常喜歡山林，在關係中尊重界限。,希望對方喜歡戶外活動，在感情中有各自空間，作息方面我有點小懶。,0.63
希望對方喜歡戶外活動,希望對方喜歡戶外活動這點蠻明顯,0.831
希望對方喜歡小動物,希望對方喜歡小動物這點蠻明顯,0.965
希望對方作息穩定,希望對方有上進心,0.584
外向活潑,喜歡交朋友,0.904
重視健康飲食,喜歡整理,0.714
偶爾小酌,偶爾喝啤酒,0.91
希望對方會做菜,希望對方會做菜這點蠻明顯,0.865
樂觀正向,開放新奇,0.752
重視儀式感,感性細膩,0.699
喜歡小孩,重視環保,0.57
假日宅在家,喜歡山林,0.611
希望對方幽默,會說笑話,0.875
有點小懶,早睡早起,0.627
有同理心,有同理心這點蠻明顯,0.933
希望對方會做菜，在感情中重視金錢觀一致，作息方面我喜歡山林。,喜歡烹飪,0.103
我是外向活潑的人，熱愛瑜伽也喜歡畫畫，目前是行銷人員，平常假日宅在家，在關係中有各自空間。,希望對方重視家庭，在感情中坦誠相待，作息方面我喜歡小孩。,0.347
常去戶外,不菸不酒,0.718
我是容易緊張的人，喜歡閱讀也愛看電影，目前是PM，平常喜歡整理，在關係中坦誠相待。,希望對方重視家庭，在感情中願意一起學習，作息方面我喜歡熱鬧。,0.562
樂觀正向,樂觀正向這點蠻明顯,0.83
希望對方不抽菸,希望對方有運動習慣,0.561
外向活潑,內向安靜,0.639
夜貓子,喜歡晚睡,0.932
重視儀式感,重視儀式感這點蠻明顯,0.932
希望對方有上進心,希望對方有上進心這點蠻明顯,0.89
喜歡動漫,喜歡烹飪,0.607
喜歡咖啡廳,直接坦率,0.031
喜歡烹飪,醫護人員,0.285
希望對方幽默,有幽默感,0.831
喜歡桌遊,喜歡游泳,0.677
喜歡小孩,喜歡山林,0.682
我是目標導向的人，喜歡逛美術館也喜歡桌遊，目前是研究生，平常節日會慶祝，在關係中重視事業。,容易緊張,0.022
希望對方不抽菸，在感情中坦誠相待，作息方面我喜歡安靜。,喜歡動漫,0.036
重視環保,重視環保這點蠻明顯,0.922
獨立自主,樂觀正向,0.685
喜歡追劇,喜歡咖啡廳,0.738
有點小懶,偶爾拖延,0.916
喜歡狗,喜歡和狗散步,0.984
我是喜歡規劃的人，喜歡寫程式也週末跑步，目前是設計師，平常喜歡熱鬧，在關係中重視事業。,希望對方有上進心，在感情中坦誠相待，作息方面我假日宅在家。,0.805
我是喜歡規劃的人，喜歡攝影也喜歡唱歌，目前是律師助理，平常有點小懶，在關係中喜歡儀式感。,希望對方幽默，在感情中喜歡儀式感，作息方面我重視健康飲食。,0.456
重視健康飲食,注意營養均衡,0.995
有點小懶,偶爾拖延,0.831
目標導向,目標導向這點蠻明顯,0.862
我是感性細膩的人，熱愛瑜伽也喜歡烹飪，目前是餐飲服務，平常喜歡貓，在關係中互相成長。,希望對方喜歡小動物，在感情中重視家庭，作息方面我喜歡熱鬧。,0.804
善於傾聽,老師,0.072
我是重視儀式感的人，喜歡寫程式也喜歡逛美術館，目前是研究助理，平常喜歡小孩，在關係中尊重界限。,希望對方喜歡閱讀，在感情中互相成長，作息方面我早睡早起。,0.486
喜歡閱讀,喜歡游泳,0.637
隨性自由,謹慎理性,0.734
願意分工,願意分工這點蠻明顯,0.994
喜歡儀式感,喜歡儀式感這點蠻明顯,0.856
我是外向活潑的人，喜歡烹飪也熱愛瑜伽，目前是機師，平常偶爾小酌，在關係中忠誠專一。,感性細膩,0.284
希望對方重視家庭,希望對方重視家庭這點蠻明顯,0.919
我是感性細膩的人，喜歡寫程式也愛看電影，目前是自由接案者，平常重視健康飲食，在關係中願意一起學習。,希望對方喜歡小動物，在感情中有各自空間，作息方面我喜歡貓。,0.447
希望對方有上進心,希望對方喜歡戶外活動,0.751
互相成長,支持彼此夢想,0.599
善於傾聽,內向安靜,0.743
重視溝通,有各自空間,0.645
我是隨性自由的人，喜歡桌遊也熱愛露營，目前是創業者，平常早睡早起，在關係中尊重界限。,希望對方作息穩定，在感情中喜歡儀式感，作息方面我喜歡熱鬧。,0.841
善於傾聽,外向活潑,0.183
尊重界限,重視溝通,0.573
希望對方有運動習慣,希望對方重視家庭,0.759
冷靜穩重,冷靜穩重這點蠻明顯,0.812
喜歡旅行,希望對方喜歡閱讀，在感情中支持彼此夢想，作息方面我喜歡安靜。,0.047
喜歡咖啡廳,喜歡咖啡廳這點蠻明顯,0.877
喜歡健身,熱愛露營,0.64
喜歡羽球,喜歡音樂會,0.71
喜歡咖啡廳,喜歡咖啡廳這點蠻明顯,0.898
不菸不酒,夜貓子,0.762
溫柔體貼,開放新奇,0.665
感性細膩,直接坦率,0.736
我是容易緊張的人，喜歡旅行也喜歡畫畫，目前是機師，平常偶爾小酌，在關係中願意分工。,律師助理,0.092
我是熱情主動的人，喜歡攝影也喜歡寫程式，目前是金融從業，平常偶爾小酌，在關係中希望穩定。,希望對方有上進心，在感情中有各自空間，作息方面我偶爾小酌。,0.249
我是喜歡規劃的人，喜歡寫程式也喜歡閱讀，目前是機師，平常喜歡狗，在關係中喜歡儀式感。,機師,0.272
有點小懶,重視健康飲食,0.57
感性細膩,感性細膩這點蠻明顯,0.855
開放新奇,樂觀正向,0.678
節日會慶祝,節日會慶祝這點蠻明顯,0.94
熱情主動,熱情主動這點蠻明顯,0.819
我是容易緊張的人，喜歡唱歌也喜歡桌遊，目前是律師助理，平常喜歡狗，在關係中願意分工。,希望對方有上進心，在感情中重視家庭，作息方面我喜歡整理。,0.74
希望對方願意溝通,希望對方重視家庭,0.639
希望對方會做菜,希望對方會做菜這點蠻明顯,0.884
我是獨立自主的人，喜歡閱讀也熱愛瑜伽，目前是研究生，平常不菸不酒，在關係中重視事業。,希望對方喜歡小動物，在感情中希望穩定，作息方面我早睡早起。,0.51
重視家庭,重視家庭這點蠻明顯,0.849
週末跑步,餐飲服務,0.165
熱愛露營,愛帶帳篷去郊外,0.919
希望對方願意溝通,希望對方願意溝通這點蠻明顯,0.84
溫柔體貼,隨性自由,0.65
重視溝通,願意一起學習,0.691
喜歡畫畫,希望對方作息穩定，在感情中喜歡儀式感，作息方面我喜歡狗。,0.093
內向安靜,話不多但真誠,0.888
重視環保,重視環保這點蠻明顯,0.877
希望穩定,願意分工,0.602
熱愛露營,希望對方願意旅行，在感情中有各自空間，作息方面我喜歡小孩。,0.224
我是有耐心的人，熱愛露營也喜歡游泳，目前是研究助理，平常夜貓子，在關係中有各自空間。,喜歡唱歌,0.148
常去戶外,有點小懶,0.651
我是冷靜穩重的人，喜歡登山也喜歡籃球，目前是自由接案者，平常不菸不酒，在關係中重視事業。,希望對方重視家庭，在感情中重視事業，作息方面我喜歡貓。,0.628
喜歡閱讀,設計師,0.128
樂觀正向,樂觀正向這點蠻明顯,0.947
喜歡動漫,週末跑步,0.739
希望對方會做菜,希望對方喜歡戶外活動,0.582
樂觀正向,熱情主動,0.709
我是容易緊張的人，喜歡閱讀也喜歡唱歌，目前是行銷人員，平常喜歡整理，在關係中支持彼此夢想。,希望對方幽默，在感情中有各自空間，作息方面我喜歡熱鬧。,0.464
熱愛瑜伽,希望對方作息穩定，在感情中重視溝通，作息方面我喜歡整理。,0.186
有同理心,內向安靜,0.736
重視環保,重視環保這點蠻明顯,0.83
坦誠相待,希望穩定,0.64
互相成長,互相成長這點蠻明顯,0.897
希望對方喜歡閱讀,希望對方重視家庭,0.586
喜歡旅行,感性細膩,0.097
希望對方願意溝通,希望對方願意溝通這點蠻明顯,0.866
希望對方會做菜,希望對方會做菜這點蠻明顯,0.917
喜歡畫畫,行銷人員,0.275
我是溫柔體貼的人，喜歡登山也喜歡咖啡廳，目前是公務員，平常喜歡貓，在關係中喜歡儀式感。,希望對方有運動習慣，在感情中願意一起學習，作息方面我喜歡熱鬧。,0.844
我是隨性自由的人，喜歡健身也喜歡攝影，目前是研究生，平常不菸不酒，在關係中支持彼此夢想。,喜歡寫程式,0.101
喜歡閱讀,喜歡閱讀這點蠻明顯,0.882
希望對方喜歡小動物,希望對方喜歡小動物這點蠻明顯,0.839
隨性自由,獨立自主,0.577
我是冷靜穩重的人，喜歡羽球也喜歡美食探店，目前是金融從業，平常喜歡小孩，在關係中願意一起學習。,希望對方作息穩定，在感情中忠誠專一，作息方面我喜歡熱鬧。,0.481
隨性自由,金融從業,0.056
有各自空間,有各自空間這點蠻明顯,0.874
我是隨性自由的人，喜歡閱讀也愛看電影，目前是金融從業，平常喜歡整理，在關係中重視家庭。,希望對方重視家庭，在感情中互相成長，作息方面我喜歡安靜。,0.794
喜歡海邊,喜歡海邊這點蠻明顯,0.848
忠誠專一,願意一起學習,0.759
希望對方重視家庭,希望對方會做菜,0.654
坦誠相待,不隱瞞,0.811
希望對方重視家庭,希望對方有上進心,0.601
喜歡咖啡廳,喜歡攝影,0.605
希望對方作息穩定,希望對方幽默,0.765
重視溝通,互相成長,0.613
節日會慶祝,節日會慶祝這點蠻明顯,0.855
有點小懶,夜貓子,0.767
喜歡籃球,喜歡籃球這點蠻明顯,0.869
希望對方幽默,希望對方不抽菸,0.676
有點小懶,能躺就躺,0.887
喜歡登山,熱愛健行,0.935
希望對方不抽菸,希望對方不抽菸這點蠻明顯,0.882
冷靜穩重,開放新奇,0.618
坦誠相待,誠實直白,0.953
喜歡美食探店,喜歡游泳,0.555
冷靜穩重,希望對方願意旅行，在感情中尊重界限，作息方面我喜歡貓。,0.147
喜歡規劃,喜歡規劃這點蠻明顯,0.844
重視環保,重視環保這點蠻明顯,0.848
假日宅在家,不菸不酒,0.67
我是內向安靜的人，喜歡籃球也喜歡唱歌，目前是研究助理，平常常去戶外，在關係中坦誠相待。,喜歡畫畫,0.186
獨立自主,有同理心,0.767
外向活潑,隨性自由,0.566
我是容易緊張的人，熱愛瑜伽也喜歡咖啡廳，目前是機師，平常夜貓子，在關係中忠誠專一。,希望對方喜歡閱讀，在感情中重視溝通，作息方面我喜歡貓。,0.482
我是開放新奇的人，喜歡桌遊也喜歡畫畫，目前是公務員，平常節日會慶祝，在關係中喜歡儀式感。,研究助理,0.065
我是冷靜穩重的人，喜歡閱讀也週末跑步，目前是金融從業，平常喜歡熱鬧，在關係中坦誠相待。,希望對方有運動習慣，在感情中重視金錢觀一致，作息方面我偶爾小酌。,0.515
我是開放新奇的人，熱愛露營也喜歡咖啡廳，目前是創業者，平常喜歡安靜，在關係中願意一起學習。,希望對方幽默，在感情中願意一起學習，作息方面我重視健康飲食。,0.634
重視事業,互相成長,0.719
喜歡籃球,希望對方幽默，在感情中願意一起學習，作息方面我節日會慶祝。,0.288
希望對方有運動習慣，在感情中支持彼此夢想，作息方面我常去戶外。,希望對方重視家庭，在感情中重視金錢觀一致，作息方面我節日會慶祝。,0.083
有點小懶,偶爾拖延,0.96
樂觀正向,善於傾聽,0.722
假日宅在家,早睡早起,0.611
希望對方有上進心,希望對方有上進心這點蠻明顯,0.805
喜歡烹飪,喜歡咖啡廳,0.684
週末跑步,餐飲服務,0.217
希望對方有運動習慣,希望對方有上進心,0.606
喜歡游泳,喜歡游泳這點蠻明顯,0.988
容易緊張,容易緊張這點蠻明顯,0.972
幽默風趣,喜歡音樂會,0.273
希望對方不抽菸,希望對方喜歡閱讀,0.563
希望對方重視家庭,希望對方喜歡戶外活動,0.665
我是直接坦率的人，喜歡寫程式也熱愛露營，目前是金融從業，平常有點小懶，在關係中忠誠專一。,公務員,0.203
喜歡儀式感,喜歡儀式感這點蠻明顯,0.996
喜歡游泳,喜歡游泳這點蠻明顯,0.938
尊重界限,重視家庭,0.584
喜歡登山,容易緊張,0.16
希望對方作息穩定,希望對方願意旅行,0.664
我是有耐心的人，喜歡音樂會也喜歡籃球，目前是創業者，平常喜歡貓，在關係中坦誠相待。,隨性自由,0.293
我是隨性自由的人，喜歡羽球也喜歡旅行，目前是軟體工程師，平常喜歡海邊，在關係中希望穩定。,希望對方有上進心，在感情中互相成長，作息方面我喜歡熱鬧。,0.814
尊重界限,尊重界限這點蠻明顯,0.977
希望對方願意旅行,希望對方不抽菸,0.582
喜歡桌遊,希望對方喜歡戶外活動，在感情中願意分工，作息方面我夜貓子。,0.122
希望對方幽默,有幽默感,0.849
希望對方重視家庭,希望對方願意溝通,0.739
希望對方喜歡小動物,希望對方喜歡小動物這點蠻明顯,0.921
重視事業,忠誠專一,0.632
坦誠相待,有各自空間,0.565
尊重界限,坦誠相待,0.704
幽默風趣,幽默風趣這點蠻明顯,0.866
喜歡安靜,喜歡安靜這點蠻明顯,0.809
重視家庭,重視家庭這點蠻明顯,0.905
我是外向活潑的人，喜歡追劇也喜歡畫畫，目前是PM，平常夜貓子，在關係中願意一起學習。,希望對方不抽菸，在感情中希望穩定，作息方面我早睡早起。,0.425
希望穩定,互相成長,0.575
喜歡儀式感,忠誠專一,0.664
喜歡旅行,希望對方願意溝通，在感情中願意一起學習，作息方面我夜貓子。,0.052
重視溝通,尊重界限,0.764
希望對方有運動習慣,希望對方有上進心,0.674
重視溝通,願意好好說,0.952
坦誠相待,尊重界限,0.571
希望穩定,互相成長,0.571
樂觀正向,希望對方重視家庭，在感情中忠誠專一，作息方面我重視環保。,0.249
希望對方作息穩定,希望對方作息穩定這點蠻明顯,0.891
希望對方喜歡小動物,希望對方喜歡小動物這點蠻明顯,0.881
節日會慶祝,節日會慶祝這點蠻明顯,0.842
我是隨性自由的人，熱愛瑜伽也喜歡羽球，目前是設計師，平常喜歡小孩，在關係中支持彼此夢想。,希望對方喜歡戶外活動，在感情中願意一起學習，作息方面我喜歡整理。,0.646
冷靜穩重,公務員,0.233
互相成長,有各自空間,0.778
幽默風趣,幽默風趣這點蠻明顯,0.847
獨立自主,獨立自主這點蠻明顯,0.893
外向活潑,目標導向,0.652
重視健康飲食,注意營養均衡,0.925
互相成長,互相成長這點蠻明顯,0.965
我是目標導向的人，喜歡唱歌也喜歡攝影，目前是餐飲服務，平常喜歡熱鬧，在關係中重視金錢觀一致。,希望對方喜歡戶外活動，在感情中忠誠專一，作息方面我偶爾小酌。,0.523
愛看電影,喜歡畫畫,0.74
希望對方願意溝通,希望對方願意溝通這點蠻明顯,0.955
重視金錢觀一致,重視金錢觀一致這點蠻明顯,0.936
我是直接坦率的人，喜歡追劇也喜歡籃球，目前是自由接案者，平常喜歡狗，在關係中互相成長。,感性細膩,0.083
喜歡登山,熱愛健行,0.814
希望對方作息穩定,希望對方作息穩定這點蠻明顯,0.91
我是幽默風趣的人，喜歡健身也喜歡寫程式，目前是自由接案者，平常節日會慶祝，在關係中坦誠相待。,希望對方有運動習慣，在感情中重視事業，作息方面我早睡早起。,0.756
感性細膩,隨性自由,0.745
喜歡閱讀,喜歡閱讀這點蠻明顯,0.916
節日會慶祝,節日會慶祝這點蠻明顯,0.812
喜歡山林,節日會慶祝,0.752
重視家庭,互相成長,0.706
重視健康飲食,少油少鹽,0.869
希望對方喜歡戶外活動,希望對方喜歡戶外活動這點蠻明顯,0.973
我是獨立自主的人，喜歡健身也喜歡美食探店，目前是餐飲服務，平常有點小懶，在關係中尊重界限。,希望對方重視家庭，在感情中願意分工，作息方面我喜歡小孩。,0.418
我是謹慎理性的人，喜歡烹飪也喜歡畫畫，目前是老師，平常夜貓子，在關係中喜歡儀式感。,隨性自由,0.23
冷靜穩重,冷靜穩重這點蠻明顯,0.945
希望對方作息穩定,希望對方作息穩定這點蠻明顯,0.944
熱情主動,熱情主動這點蠻明顯,0.923
希望對方喜歡小動物,希望對方喜歡小動物這點蠻明顯,0.891
忠誠專一,不劈腿,0.971
我是重視儀式感的人，喜歡追劇也喜歡畫畫，目前是研究生，平常喜歡熱鬧，在關係中有各自空間。,希望對方喜歡戶外活動，在感情中重視溝通，作息方面我喜歡安靜。,0.453
偶爾小酌,偶爾喝啤酒,0.868
謹慎理性,謹慎理性這點蠻明顯,0.831
喜歡旅行,喜歡旅行這點蠻明顯,0.815
喜歡寫程式,喜歡寫程式這點蠻明顯,0.991
希望對方願意溝通,希望對方喜歡小動物,0.553
希望對方願意溝通,希望對方願意溝通這點蠻明顯,0.899
支持彼此夢想,希望穩定,0.582
熱愛瑜伽,希望對方作息穩定，在感情中支持彼此夢想，作息方面我夜貓子。,0.185
希望對方願意溝通,希望對方願意溝通這點蠻明顯,0.885
重視事業,有各自空間,0.678
我是感性細膩的人，喜歡攝影也喜歡畫畫，目前是研究生，平常重視環保，在關係中重視溝通。,希望對方有運動習慣，在感情中重視金錢觀一致，作息方面我有點小懶。,0.577
喜歡動漫,愛看電影,0.606
冷靜穩重,冷靜穩重這點蠻明顯,0.82
希望對方願意旅行,想一起去旅行,0.826
我是幽默風趣的人，喜歡烹飪也愛看電影，目前是資料分析師，平常常去戶外，在關係中重視家庭。,醫護人員,0.146
喜歡羽球,熱愛露營,0.681
我是直接坦率的人，喜歡咖啡廳也喜歡美食探店，目前是機師，平常節日會慶祝，在關係中希望穩定。,希望對方作息穩定，在感情中重視家庭，作息方面我不菸不酒。,0.796
喜歡安靜,喜歡海邊,0.561
希望對方重視家庭,希望對方喜歡小動物,0.724
善於傾聽,善於傾聽這點蠻明顯,0.837
希望對方喜歡戶外活動,希望對方喜歡小動物,0.73
喜歡攝影,喜歡動漫,0.687
開放新奇,謹慎理性,0.109
尊重界限,尊重界限這點蠻明顯,0.827
希望穩定,支持彼此夢想,0.772
隨性自由,重視儀式感,0.564
我是開放新奇的人，喜歡閱讀也喜歡美食探店，目前是自由接案者，平常喜歡整理，在關係中重視家庭。,希望對方重視家庭，在感情中重視金錢觀一致，作息方面我喜歡整理。,0.579
熱情主動,喜歡旅行,0.325
我是善於傾聽的人，喜歡攝影也喜歡籃球，目前是老師，平常常去戶外，在關係中支持彼此夢想。,有耐心,0.031
喜歡動漫,老師,0.339
有點小懶,偶爾拖延,0.809
喜歡海邊,喜歡海邊這點蠻明顯,0.949
喜歡游泳,重視儀式感,0.249
喜歡美食探店,喜歡美食探店這點蠻明顯,0.918
我是重視儀式感的人，喜歡桌遊也週末跑步，目前是研究助理，平常喜歡狗，在關係中互相成長。,希望對方會做菜，在感情中希望穩定，作息方面我喜歡安靜。,0.44
假日宅在家,假日宅在家這點蠻明顯,0.922
希望對方會做菜,希望對方喜歡小動物,0.618
支持彼此夢想,互相成長,0.653
喜歡小孩,喜歡小孩這點蠻明顯,0.9
假日宅在家,假日宅在家這點蠻明顯,0.994
我是謹慎理性的人，喜歡籃球也喜歡逛美術館，目前是公務員，平常喜歡海邊，在關係中尊重界限。,希望對方重視家庭，在感情中重視家庭，作息方面我喜歡山林。,0.732
開放新奇,有耐心,0.696
互相成長,忠誠專一,0.737
幽默風趣,PM,0.157
希望對方願意旅行,想一起去旅行,0.831
喜歡動漫,喜歡畫畫,0.583
希望對方會做菜,希望對方喜歡閱讀,0.551
支持彼此夢想,支持彼此夢想這點蠻明顯,0.995
有同理心,喜歡攝影,0.279
喜歡烹飪,喜歡音樂會,0.711
喜歡規劃,重視儀式感,0.692
希望對方會做菜,希望對方不抽菸,0.675
希望對方喜歡閱讀,希望對方喜歡閱讀這點蠻明顯,0.931
夜貓子,常常熬夜,0.891
感性細膩,內向安靜,0.659
開放新奇,熱情主動,0.589
喜歡畫畫,喜歡畫畫這點蠻明顯,0.894
互相成長,願意一起學習,0.567
喜歡規劃,冷靜穩重,0.602
喜歡追劇,喜歡追劇這點蠻明顯,0.822
我是容易緊張的人，喜歡追劇也喜歡閱讀，目前是資料分析師，平常夜貓子，在關係中希望穩定。,希望對方願意溝通，在感情中坦誠相待，作息方面我重視健康飲食。,0.784
我是有耐心的人，喜歡寫程式也喜歡閱讀，目前是創業者，平常節日會慶祝，在關係中重視家庭。,獨立自主,0.157
愛看電影,創業者,0.038
重視健康飲食,偶爾小酌,0.718
熱情主動,外向活潑,0.725
願意一起學習,願意一起學習這點蠻明顯,0.999
喜歡咖啡廳,希望對方願意旅行，在感情中希望穩定，作息方面我喜歡貓。,0.124
愛看電影,愛看電影這點蠻明顯,0.977
幽默風趣,希望對方喜歡戶外活動，在感情中有各自空間，作息方面我不菸不酒。,0.06
希望對方喜歡戶外活動,希望對方喜歡戶外活動這點蠻明顯,0.83
熱情主動,容易緊張,0.712
直接坦率,直接坦率這點蠻明顯,0.9
希望對方喜歡小動物，在感情中支持彼此夢想，作息方面我有點小懶。,希望對方不抽菸，在感情中希望穩定，作息方面我喜歡貓。,0.209
希望對方喜歡戶外活動,希望對方有上進心,0.776
我是感性細膩的人，喜歡音樂會也喜歡羽球，目前是行銷人員，平常有點小懶，在關係中互相成長。,希望對方會做菜，在感情中坦誠相待，作息方面我假日宅在家。,0.584
忠誠專一,重視金錢觀一致,0.584
我是幽默風趣的人，喜歡旅行也熱愛露營，目前是自由接案者，平常喜歡熱鬧，在關係中重視家庭。,希望對方作息穩定，在感情中願意一起學習，作息方面我喜歡山林。,0.793
希望對方作息穩定,希望對方作息穩定這點蠻明顯,0.802
希望對方喜歡小動物,希望對方幽默,0.711
幽默風趣,幽默風趣這點蠻明顯,0.962
善於傾聽,內向安靜,0.603
我是幽默風趣的人，喜歡美食探店也喜歡畫畫，目前是餐飲服務，平常重視環保，在關係中重視事業。,希望對方不抽菸，在感情中喜歡儀式感，作息方面我重視健康飲食。,0.517
喜歡小孩,喜歡小孩這點蠻明顯,0.89
希望對方願意溝通,希望對方有運動習慣,0.737
喜歡逛美術館,週末跑步,0.569
夜貓子,早睡早起,0.584
希望對方作息穩定,希望對方不抽菸,0.682
喜歡健身,喜歡烹飪,0.748
喜歡動漫,希望對方幽默，在感情中重視溝通，作息方面我喜歡海邊。,0.194
願意分工,願意分工這點蠻明顯,0.94
忠誠專一,不劈腿,0.891
我是善於傾聽的人，週末跑步也喜歡桌遊，目前是資料分析師，平常喜歡海邊，在關係中重視溝通。,希望對方喜歡閱讀，在感情中願意分工，作息方面我重視健康飲食。,0.014
我是外向活潑的人，喜歡健身也喜歡羽球，目前是律師助理，平常節日會慶祝，在關係中願意一起學習。,感性細膩,0.039
喜歡美食探店,喜歡美食探店這點蠻明顯,0.846
我不喜歡打籃球,我討厭打籃球,1.0
我不喜歡唱歌,我喜歡唱歌,0.0
我不希望有人打擾我,我希望有人打擾我,0.0
我討厭排隊,我非常討厭排隊,1.0
我不愛運動,我不喜歡運動,1.0
