text,label
對我來說，細心照顧是最吸引我的特質。,溫柔型
我覺得說話輕聲細語的異性特別有魅力。,溫柔型
有溫柔體貼特質的人讓我覺得很安心。,溫柔型
對我來說，懂得傾聽是最吸引我的特質。,溫柔型
我欣賞細心照顧這種個性的人。,溫柔型
說話輕聲細語是我選擇對象時很在意的一點。,溫柔型
有溫柔體貼特質的人讓我覺得很安心。,溫柔型
對我來說，溫柔體貼是最吸引我的特質。,溫柔型
我比較偏好懂得傾聽類型的伴侶。,溫柔型
我的理想型是溫柔體貼的人。,溫柔型
我比較偏好不會大小聲類型的伴侶。,溫柔型
有說話輕聲細語特質的人讓我覺得很安心。,溫柔型
我比較偏好細心照顧類型的伴侶。,溫柔型
細心照顧是我選擇對象時很在意的一點。,溫柔型
我的理想型是溫柔體貼的人。,溫柔型
我覺得懂得傾聽的異性特別有魅力。,溫柔型
我比較偏好說話輕聲細語類型的伴侶。,溫柔型
我的理想型是細心照顧的人。,溫柔型
對我來說，細心照顧是最吸引我的特質。,溫柔型
我覺得細心照顧的異性特別有魅力。,溫柔型
我的理想型是說話輕聲細語的人。,溫柔型
溫柔體貼是我選擇對象時很在意的一點。,溫柔型
我覺得細心照顧的異性特別有魅力。,溫柔型
有細心照顧特質的人讓我覺得很安心。,溫柔型
如果對方溫柔體貼，我會特別喜歡。,溫柔型
我比較偏好懂得傾聽類型的伴侶。,溫柔型
我覺得懂得傾聽的異性特別有魅力。,溫柔型
如果對方溫柔體貼，我會特別喜歡。,溫柔型
如果對方懂得傾聽，我會特別喜歡。,溫柔型
對我來說，懂得傾聽是最吸引我的特質。,溫柔型
對我來說，細心照顧是最吸引我的特質。,溫柔型
我覺得細心照顧的異性特別有魅力。,溫柔型
有不會大小聲特質的人讓我覺得很安心。,溫柔型
對我來說，懂得傾聽是最吸引我的特質。,溫柔型
對我來說，說話輕聲細語是最吸引我的特質。,溫柔型
我覺得細心照顧的異性特別有魅力。,溫柔型
有說話輕聲細語特質的人讓我覺得很安心。,溫柔型
有細心照顧特質的人讓我覺得很安心。,溫柔型
說話輕聲細語是我選擇對象時很在意的一點。,溫柔型
如果對方溫柔體貼，我會特別喜歡。,溫柔型
如果對方不會大小聲，我會特別喜歡。,溫柔型
對我來說，細心照顧是最吸引我的特質。,溫柔型
懂得傾聽是我選擇對象時很在意的一點。,溫柔型
我比較偏好細心照顧類型的伴侶。,溫柔型
我欣賞溫柔體貼這種個性的人。,溫柔型
如果能遇到一個說話輕聲細語的對象就好了。,溫柔型
我欣賞細心照顧這種個性的人。,溫柔型
我欣賞細心照顧這種個性的人。,溫柔型
有懂得傾聽特質的人讓我覺得很安心。,溫柔型
說話輕聲細語是我選擇對象時很在意的一點。,溫柔型
我欣賞開朗大方這種個性的人。,活潑型
我比較偏好喜歡戶外活動類型的伴侶。,活潑型
有充滿活力特質的人讓我覺得很安心。,活潑型
我比較偏好很會聊天類型的伴侶。,活潑型
如果對方喜歡戶外活動，我會特別喜歡。,活潑型
充滿活力是我選擇對象時很在意的一點。,活潑型
我的理想型是愛開玩笑的人。,活潑型
開朗大方是我選擇對象時很在意的一點。,活潑型
如果對方充滿活力，我會特別喜歡。,活潑型
我的理想型是很會聊天的人。,活潑型
我的理想型是很會聊天的人。,活潑型
我比較偏好很會聊天類型的伴侶。,活潑型
我覺得開朗大方的異性特別有魅力。,活潑型
我的理想型是充滿活力的人。,活潑型
我欣賞開朗大方這種個性的人。,活潑型
有很會聊天特質的人讓我覺得很安心。,活潑型
喜歡戶外活動是我選擇對象時很在意的一點。,活潑型
我覺得充滿活力的異性特別有魅力。,活潑型
有很會聊天特質的人讓我覺得很安心。,活潑型
如果對方很會聊天，我會特別喜歡。,活潑型
愛開玩笑是我選擇對象時很在意的一點。,活潑型
愛開玩笑是我選擇對象時很在意的一點。,活潑型
我的理想型是很會聊天的人。,活潑型
對我來說，很會聊天是最吸引我的特質。,活潑型
對我來說，開朗大方是最吸引我的特質。,活潑型
我比較偏好愛開玩笑類型的伴侶。,活潑型
對我來說，開朗大方是最吸引我的特質。,活潑型
有喜歡戶外活動特質的人讓我覺得很安心。,活潑型
如果對方很會聊天，我會特別喜歡。,活潑型
如果對方愛開玩笑，我會特別喜歡。,活潑型
對我來說，喜歡戶外活動是最吸引我的特質。,活潑型
我喜歡充滿活力的人。,活潑型
我比較偏好開朗大方類型的伴侶。,活潑型
我的理想型是充滿活力的人。,活潑型
有充滿活力特質的人讓我覺得很安心。,活潑型
我比較偏好很會聊天類型的伴侶。,活潑型
有很會聊天特質的人讓我覺得很安心。,活潑型
開朗大方是我選擇對象時很在意的一點。,活潑型
對我來說，愛開玩笑是最吸引我的特質。,活潑型
如果能遇到一個喜歡戶外活動的對象就好了。,活潑型
對我來說，很會聊天是最吸引我的特質。,活潑型
我覺得開朗大方的異性特別有魅力。,活潑型
如果能遇到一個充滿活力的對象就好了。,活潑型
有充滿活力特質的人讓我覺得很安心。,活潑型
我欣賞愛開玩笑這種個性的人。,活潑型
開朗大方是我選擇對象時很在意的一點。,活潑型
我喜歡喜歡戶外活動的人。,活潑型
我的理想型是愛開玩笑的人。,活潑型
如果對方很會聊天，我會特別喜歡。,活潑型
我比較偏好愛開玩笑類型的伴侶。,活潑型
我比較偏好能理智思考類型的伴侶。,理性型
如果能遇到一個善於規劃的對象就好了。,理性型
冷靜理性是我選擇對象時很在意的一點。,理性型
我比較偏好能理智思考類型的伴侶。,理性型
我喜歡能理智思考的人。,理性型
我的理想型是做事有條理的人。,理性型
我覺得邏輯清楚的異性特別有魅力。,理性型
有善於規劃特質的人讓我覺得很安心。,理性型
對我來說，邏輯清楚是最吸引我的特質。,理性型
有冷靜理性特質的人讓我覺得很安心。,理性型
我喜歡做事有條理的人。,理性型
我喜歡做事有條理的人。,理性型
對我來說，冷靜理性是最吸引我的特質。,理性型
我覺得做事有條理的異性特別有魅力。,理性型
我的理想型是能理智思考的人。,理性型
有能理智思考特質的人讓我覺得很安心。,理性型
我比較偏好冷靜理性類型的伴侶。,理性型
我比較偏好冷靜理性類型的伴侶。,理性型
我比較偏好邏輯清楚類型的伴侶。,理性型
邏輯清楚是我選擇對象時很在意的一點。,理性型
我比較偏好冷靜理性類型的伴侶。,理性型
我欣賞善於規劃這種個性的人。,理性型
有能理智思考特質的人讓我覺得很安心。,理性型
如果能遇到一個冷靜理性的對象就好了。,理性型
我比較偏好邏輯清楚類型的伴侶。,理性型
能理智思考是我選擇對象時很在意的一點。,理性型
有邏輯清楚特質的人讓我覺得很安心。,理性型
有善於規劃特質的人讓我覺得很安心。,理性型
對我來說，做事有條理是最吸引我的特質。,理性型
我覺得做事有條理的異性特別有魅力。,理性型
如果能遇到一個善於規劃的對象就好了。,理性型
我比較偏好善於規劃類型的伴侶。,理性型
我喜歡做事有條理的人。,理性型
善於規劃是我選擇對象時很在意的一點。,理性型
有做事有條理特質的人讓我覺得很安心。,理性型
如果對方善於規劃，我會特別喜歡。,理性型
我覺得邏輯清楚的異性特別有魅力。,理性型
我喜歡做事有條理的人。,理性型
我喜歡能理智思考的人。,理性型
有冷靜理性特質的人讓我覺得很安心。,理性型
我的理想型是能理智思考的人。,理性型
對我來說，能理智思考是最吸引我的特質。,理性型
我的理想型是做事有條理的人。,理性型
我的理想型是善於規劃的人。,理性型
我的理想型是冷靜理性的人。,理性型
有做事有條理特質的人讓我覺得很安心。,理性型
做事有條理是我選擇對象時很在意的一點。,理性型
我欣賞冷靜理性這種個性的人。,理性型
冷靜理性是我選擇對象時很在意的一點。,理性型
我的理想型是善於規劃的人。,理性型
我喜歡很有同理心的人。,感性型
喜歡寫日記是我選擇對象時很在意的一點。,感性型
對我來說，喜歡寫日記是最吸引我的特質。,感性型
常常說浪漫的話是我選擇對象時很在意的一點。,感性型
我的理想型是情緒豐富的人。,感性型
情緒豐富是我選擇對象時很在意的一點。,感性型
有常常說浪漫的話特質的人讓我覺得很安心。,感性型
我比較偏好容易感動類型的伴侶。,感性型
如果對方常常說浪漫的話，我會特別喜歡。,感性型
我欣賞喜歡寫日記這種個性的人。,感性型
我比較偏好常常說浪漫的話類型的伴侶。,感性型
喜歡寫日記是我選擇對象時很在意的一點。,感性型
有情緒豐富特質的人讓我覺得很安心。,感性型
如果對方很有同理心，我會特別喜歡。,感性型
我的理想型是容易感動的人。,感性型
我喜歡喜歡寫日記的人。,感性型
如果對方很有同理心，我會特別喜歡。,感性型
如果能遇到一個情緒豐富的對象就好了。,感性型
我欣賞容易感動這種個性的人。,感性型
我比較偏好常常說浪漫的話類型的伴侶。,感性型
我的理想型是很有同理心的人。,感性型
對我來說，情緒豐富是最吸引我的特質。,感性型
情緒豐富是我選擇對象時很在意的一點。,感性型
對我來說，容易感動是最吸引我的特質。,感性型
如果對方容易感動，我會特別喜歡。,感性型
我欣賞很有同理心這種個性的人。,感性型
我比較偏好情緒豐富類型的伴侶。,感性型
如果能遇到一個常常說浪漫的話的對象就好了。,感性型
我覺得情緒豐富的異性特別有魅力。,感性型
我的理想型是常常說浪漫的話的人。,感性型
常常說浪漫的話是我選擇對象時很在意的一點。,感性型
容易感動是我選擇對象時很在意的一點。,感性型
對我來說，情緒豐富是最吸引我的特質。,感性型
如果對方常常說浪漫的話，我會特別喜歡。,感性型
我喜歡容易感動的人。,感性型
我欣賞喜歡寫日記這種個性的人。,感性型
如果能遇到一個喜歡寫日記的對象就好了。,感性型
我比較偏好常常說浪漫的話類型的伴侶。,感性型
我的理想型是常常說浪漫的話的人。,感性型
我比較偏好喜歡寫日記類型的伴侶。,感性型
我喜歡常常說浪漫的話的人。,感性型
我覺得常常說浪漫的話的異性特別有魅力。,感性型
如果能遇到一個情緒豐富的對象就好了。,感性型
情緒豐富是我選擇對象時很在意的一點。,感性型
我的理想型是常常說浪漫的話的人。,感性型
我欣賞喜歡寫日記這種個性的人。,感性型
如果對方喜歡寫日記，我會特別喜歡。,感性型
我欣賞情緒豐富這種個性的人。,感性型
我比較偏好容易感動類型的伴侶。,感性型
我欣賞容易感動這種個性的人。,感性型
我的理想型是不輕易發脾氣的人。,成熟型
有不輕易發脾氣特質的人讓我覺得很安心。,成熟型
如果對方有責任感，我會特別喜歡。,成熟型
我的理想型是有責任感的人。,成熟型
有能給人安全感特質的人讓我覺得很安心。,成熟型
我欣賞不輕易發脾氣這種個性的人。,成熟型
對我來說，處事冷靜是最吸引我的特質。,成熟型
我覺得處事冷靜的異性特別有魅力。,成熟型
有能給人安全感特質的人讓我覺得很安心。,成熟型
我喜歡穩重可靠的人。,成熟型
對我來說，有責任感是最吸引我的特質。,成熟型
有穩重可靠特質的人讓我覺得很安心。,成熟型
如果對方不輕易發脾氣，我會特別喜歡。,成熟型
我的理想型是有責任感的人。,成熟型
我喜歡不輕易發脾氣的人。,成熟型
我比較偏好處事冷靜類型的伴侶。,成熟型
我欣賞不輕易發脾氣這種個性的人。,成熟型
我比較偏好能給人安全感類型的伴侶。,成熟型
我喜歡處事冷靜的人。,成熟型
我覺得有責任感的異性特別有魅力。,成熟型
我喜歡不輕易發脾氣的人。,成熟型
如果能遇到一個處事冷靜的對象就好了。,成熟型
我欣賞有責任感這種個性的人。,成熟型
如果能遇到一個能給人安全感的對象就好了。,成熟型
有能給人安全感特質的人讓我覺得很安心。,成熟型
我的理想型是處事冷靜的人。,成熟型
有有責任感特質的人讓我覺得很安心。,成熟型
我比較偏好能給人安全感類型的伴侶。,成熟型
對我來說，能給人安全感是最吸引我的特質。,成熟型
我喜歡能給人安全感的人。,成熟型
我比較偏好處事冷靜類型的伴侶。,成熟型
如果對方不輕易發脾氣，我會特別喜歡。,成熟型
處事冷靜是我選擇對象時很在意的一點。,成熟型
我比較偏好處事冷靜類型的伴侶。,成熟型
我喜歡有責任感的人。,成熟型
如果對方不輕易發脾氣，我會特別喜歡。,成熟型
穩重可靠是我選擇對象時很在意的一點。,成熟型
如果對方處事冷靜，我會特別喜歡。,成熟型
我欣賞能給人安全感這種個性的人。,成熟型
對我來說，穩重可靠是最吸引我的特質。,成熟型
我喜歡不輕易發脾氣的人。,成熟型
如果能遇到一個有責任感的對象就好了。,成熟型
有責任感是我選擇對象時很在意的一點。,成熟型
如果能遇到一個穩重可靠的對象就好了。,成熟型
我喜歡穩重可靠的人。,成熟型
我比較偏好處事冷靜類型的伴侶。,成熟型
如果能遇到一個能給人安全感的對象就好了。,成熟型
如果能遇到一個不輕易發脾氣的對象就好了。,成熟型
我喜歡有責任感的人。,成熟型
我比較偏好不輕易發脾氣類型的伴侶。,成熟型
